date,cittadella_no2_daily_mean,montebello_no2_daily_mean,s5p_no2_mean,s5p_pixel_count,temp_mean_c,temp_min_c,temp_max_c,humidity_mean_pct,wind_speed_mean_kmh,pressure_hpa,precipitation_mm
2022-04-01,17.166666666666668,23.956521739130434,39.568865,10.0,10.49,6.4,17.0,75.92,6.192,984.19,5.5
2022-04-02,12.5,17.454545454545453,48.052946666666664,6.0,7.13,2.6,11.6,65.0,9.216000000000001,991.3,2.0
2022-04-03,14.1875,19.055555555555557,41.172669285714285,14.0,7.39,3.5,12.1,75.58,8.064000000000002,1005.18,2.4
2022-04-04,20.63157894736842,25.583333333333332,59.2305296,25.0,7.95,3.0,12.9,72.42,5.58,1009.59,0.8
2022-04-05,17.80952380952381,26.565217391304348,76.94159452380953,42.0,9.31,2.5,16.8,70.12,5.508,1005.05,0.0
2022-04-06,18.454545454545453,25.25,60.09438210526315,38.0,10.22,3.0,16.9,71.21,6.012,1001.87,0.0
2022-04-07,14.785714285714286,24.136363636363637,80.1023255,40.0,13.11,6.0,20.6,58.42,12.384,996.33,0.0
2022-04-08,21.714285714285715,20.9375,51.439705333333336,30.0,16.24,12.1,20.7,62.33,22.788,994.32,0.0
2022-04-09,8.625,14.75,44.61175653846154,26.0,15.07,6.8,20.7,52.5,25.128000000000004,993.8,3.2
2022-04-10,12.75,16.043478260869566,42.53884975,40.0,8.92,1.9,16.1,62.88,8.1,1009.77,0.0
2022-04-11,18.352941176470587,30.1,92.38986583333333,36.0,10.7,3.0,17.4,50.88,6.84,1012.7,0.0
2022-04-12,23.133333333333333,29.695652173913043,69.5661140909091,44.0,11.85,5.5,18.6,49.33,8.208,1011.85,0.0
2022-04-13,21.533333333333335,25.304347826086957,52.6514921875,32.0,12.88,5.6,19.8,66.04,8.388,1011.16,0.0
2022-04-14,24.166666666666668,30.25,48.62592611111111,36.0,14.18,5.9,21.9,59.92,6.3,1011.35,0.0
2022-04-15,21.157894736842106,27.5,45.66959088235294,34.0,15.69,7.9,23.7,51.12,5.9399999999999995,1011.13,0.0
2022-04-16,18.58823529411765,21.583333333333332,42.4233265625,32.0,15.32,8.7,23.2,58.5,11.304,1010.11,0.0
2022-04-17,9.88888888888889,14.923076923076923,22.55686590909091,44.0,12.2,7.8,16.8,45.54,14.04,1012.38,0.0
2022-04-18,13.272727272727273,14.142857142857142,25.538042315789472,38.0,11.65,3.0,17.9,44.96,7.884,1007.92,0.0
2022-04-19,13.454545454545455,20.583333333333332,51.96149739130435,46.0,12.73,4.4,20.5,51.96,6.84,1002.36,0.0
2022-04-20,11.235294117647058,17.217391304347824,,,12.11,7.3,17.0,70.12,12.24,1004.13,0.3
2022-04-21,12.363636363636363,20.875,,,10.95,8.9,14.7,77.21,13.176,1001.59,3.9
2022-04-22,15.136363636363637,26.52173913043478,,,10.98,9.1,14.3,86.33,8.316,994.6,23.2
2022-04-23,14.857142857142858,24.125,,,13.45,7.3,19.2,77.08,9.216000000000001,997.2,4.2
2022-04-24,9.714285714285714,12.285714285714286,,,12.41,9.4,15.4,75.75,8.388,996.53,1.6
2022-04-25,14.25,14.214285714285714,,,13.89,8.2,19.5,71.25,8.568,1001.25,0.2
2022-04-26,11.75,17.571428571428573,,2.0,14.22,9.2,20.1,77.42,7.668,1005.26,0.3
2022-04-27,,,47.905449210526314,38.0,14.61,9.1,20.4,72.25,7.308,1009.81,0.4
2022-04-28,18.5625,22.47826086956522,54.58369434782609,46.0,14.25,6.8,21.0,65.42,10.152,1014.81,0.0
2022-04-29,21.8,22.166666666666668,57.002636764705876,34.0,14.3,8.1,20.6,58.54,8.856,1016.27,0.0
2022-04-30,23.0625,24.5,,1.0,14.99,7.8,21.0,54.08,8.64,1011.52,0.0
2022-05-01,14.785714285714286,14.8,32.09497277777778,18.0,14.86,11.1,20.0,67.0,7.056,1008.1,5.8
2022-05-02,18.153846153846153,20.26086956521739,36.282224166666666,24.0,14.58,7.6,20.4,68.58,6.9479999999999995,1006.65,0.0
2022-05-03,14.722222222222221,19.391304347826086,29.273111136363635,44.0,15.55,7.9,22.7,66.5,5.867999999999999,1006.47,0.0
2022-05-04,17.333333333333332,25.27777777777778,,,16.21,11.1,22.0,70.75,6.803999999999999,1008.92,1.9
2022-05-05,17.5,23.916666666666668,,,14.1,9.9,21.2,84.46,7.128,1010.54,7.4
2022-05-06,10.833333333333334,18.526315789473685,,,13.73,12.7,16.6,91.96,15.588000000000001,1010.81,15.0
2022-05-07,11.076923076923077,17.58823529411765,,,14.03,11.5,17.1,86.83,6.264,1011.22,5.6
2022-05-08,12.285714285714286,19.0,,,15.5,12.3,20.2,85.33,6.48,1011.47,6.2
2022-05-09,15.75,21.11764705882353,51.465867045454544,44.0,16.87,10.1,22.9,76.62,5.58,1014.18,0.0
2022-05-10,15.61111111111111,23.166666666666668,54.86289133333333,30.0,18.78,12.3,24.7,67.12,4.14,1013.26,0.0
2022-05-11,14.0,20.318181818181817,50.39950636363637,22.0,20.05,12.4,26.9,63.21,7.812,1011.62,0.0
2022-05-12,17.285714285714285,20.666666666666668,37.1824485,40.0,21.2,14.4,27.7,51.08,14.112,1011.74,0.0
2022-05-13,19.375,21.8,46.88414105263158,38.0,20.48,13.2,27.6,51.25,9.9,1010.59,0.0
2022-05-14,13.066666666666666,19.217391304347824,39.83605613636364,44.0,20.98,14.8,27.8,58.62,7.596,1009.99,0.8
2022-05-15,11.5,14.80952380952381,30.05564676470588,34.0,21.19,15.4,27.9,70.88,5.4,1009.92,0.6
2022-05-16,14.666666666666666,20.94736842105263,43.545812222222224,36.0,22.79,16.3,29.1,55.12,9.251999999999999,1009.99,0.2
2022-05-17,15.0,23.59090909090909,39.555239375,32.0,22.98,15.6,29.5,58.33,7.092,1009.48,0.0
2022-05-18,12.647058823529411,18.227272727272727,43.67193125,32.0,22.47,17.5,27.7,60.08,13.14,1012.33,0.3
2022-05-19,14.416666666666666,20.9,44.95500952380952,42.0,21.66,15.9,27.0,50.54,11.016,1017.57,0.0
2022-05-20,16.11111111111111,21.666666666666668,50.30954617647059,34.0,22.7,15.9,30.5,51.54,9.0,1016.32,0.0
2022-05-21,12.25,18.47826086956522,28.775667479166668,48.0,24.57,17.5,30.5,50.25,9.612,1009.75,0.0
2022-05-22,,12.38888888888889,15.212086666666666,3.0,24.37,17.5,29.6,59.75,8.316,1003.89,0.0
2022-05-23,12.333333333333334,21.181818181818183,36.794399772727274,44.0,24.43,19.0,30.8,49.04,9.864,999.59,0.0
2022-05-24,8.75,15.058823529411764,32.62639769230769,13.0,23.06,17.1,28.1,54.42,8.784,998.15,1.3
2022-05-25,13.733333333333333,17.333333333333332,41.50066131578947,38.0,22.19,16.7,27.7,67.71,6.768,1003.92,0.0
2022-05-26,14.8,19.375,,,22.36,17.1,26.8,71.92,7.416,1010.9,1.0
2022-05-27,,,32.70113871428571,35.0,24.72,18.5,30.8,67.83,4.284,1008.5,0.0
2022-05-28,10.714285714285714,13.1,,2.0,20.82,18.1,27.5,77.46,14.364,1001.43,21.9
2022-05-29,,11.125,,,16.18,14.4,17.8,76.67,15.984000000000002,999.78,4.0
2022-05-30,16.454545454545453,19.3,39.40296333333334,9.0,16.69,13.0,21.5,75.58,8.424,1001.93,2.3
2022-05-31,16.285714285714285,19.791666666666668,,,19.3,13.9,24.0,75.42,5.148,1005.95,0.6
2022-06-01,15.818181818181818,24.681818181818183,39.55991925925926,27.0,21.61,15.1,27.4,68.67,6.408,1006.5,0.0
2022-06-02,15.142857142857142,14.19047619047619,38.639858333333336,30.0,23.56,16.5,29.6,60.92,5.148,1007.75,0.0
2022-06-03,14.318181818181818,22.0,,,21.93,19.4,26.2,82.96,8.064000000000002,1009.62,1.8
2022-06-04,16.416666666666668,19.666666666666668,31.086091818181817,44.0,23.72,18.0,29.2,76.21,5.256,1009.54,0.0
2022-06-05,11.090909090909092,12.954545454545455,30.67939657894737,38.0,25.29,18.9,31.1,66.38,8.208,1006.31,0.0
2022-06-06,13.058823529411764,18.166666666666668,38.12682375,24.0,24.05,18.2,29.3,68.5,6.264,1006.72,0.1
2022-06-07,13.833333333333334,20.391304347826086,31.167245555555553,9.0,21.58,17.6,27.0,76.21,6.6240000000000006,1003.61,3.5
2022-06-08,11.3125,17.416666666666668,32.57781983333333,12.0,22.1,15.6,28.0,68.96,7.524,1001.26,0.3
2022-06-09,10.615384615384615,15.25,41.53401852941176,34.0,20.6,16.5,25.1,69.67,7.128,1000.32,1.3
2022-06-10,13.6,19.869565217391305,42.30934179487179,39.0,22.68,15.4,29.0,44.21,9.0,1007.26,0.0
2022-06-11,15.153846153846153,17.75,49.08470642857143,28.0,24.14,15.8,30.5,46.38,7.776000000000001,1010.75,0.0
2022-06-12,14.923076923076923,16.59090909090909,33.9262925,24.0,25.45,16.4,32.5,46.62,7.092,1010.99,0.0
2022-06-13,16.058823529411764,22.583333333333332,48.42147119047619,42.0,26.06,18.4,32.7,46.79,7.920000000000001,1006.74,0.0
2022-06-14,12.846153846153847,18.375,35.79016631578947,38.0,25.48,20.1,30.4,56.08,12.348,1008.8,0.0
2022-06-15,13.25,19.208333333333332,37.645357142857144,42.0,25.82,19.4,31.5,57.25,5.796,1009.54,0.1
2022-06-16,13.857142857142858,23.333333333333332,48.54701433333333,30.0,26.87,18.4,33.3,56.75,8.1,1008.45,0.0
2022-06-17,13.357142857142858,20.5,44.61425961538461,26.0,26.58,19.1,32.2,61.88,6.696000000000001,1010.1,0.1
2022-06-18,12.083333333333334,17.25,34.3169228125,32.0,27.35,21.3,33.0,46.42,12.024,1011.78,0.0
2022-06-19,12.461538461538462,15.952380952380953,31.8383484375,32.0,27.14,19.5,33.5,44.38,7.308,1007.29,0.0
2022-06-20,17.11111111111111,19.47826086956522,33.926001428571425,42.0,27.47,19.8,34.6,47.58,11.988000000000001,1004.03,0.0
2022-06-21,17.625,22.19047619047619,34.04449105263158,38.0,28.72,22.0,35.6,40.33,12.132000000000001,1003.43,0.0
2022-06-22,17.125,25.391304347826086,,,26.04,20.9,31.4,56.21,8.928,1003.72,0.7
2022-06-23,15.222222222222221,18.625,,1.0,25.6,19.9,31.3,64.46,9.144,1004.52,1.9
2022-06-24,14.25,16.818181818181817,26.259416888888886,45.0,25.63,20.0,31.4,57.25,15.012,1002.52,0.0
2022-06-25,15.0,15.142857142857142,25.42535373529412,34.0,25.97,18.6,32.3,50.29,10.188,1004.18,0.0
2022-06-26,,,38.781748,40.0,27.39,18.2,35.2,46.46,8.712,1005.72,0.0
2022-06-27,13.5,18.782608695652176,40.04721142857143,28.0,28.65,20.0,36.2,48.04,6.8759999999999994,1005.46,0.0
2022-06-28,20.476190476190474,28.130434782608695,,,24.3,21.0,28.4,72.0,7.5600000000000005,1005.97,11.0
2022-06-29,13.5,16.636363636363637,41.723645,44.0,24.75,19.5,30.0,70.75,6.84,1003.52,9.9
2022-06-30,9.833333333333334,18.608695652173914,43.796406315789476,38.0,25.58,20.2,32.0,57.67,7.776000000000001,1003.72,0.0
2022-07-01,14.083333333333334,20.583333333333332,45.86987595238095,42.0,24.9,19.2,33.0,52.5,8.928,1004.79,0.0
2022-07-02,14.222222222222221,16.26086956521739,39.79800529411765,34.0,26.64,19.9,33.4,56.5,7.884,1009.34,0.0
2022-07-03,12.8,12.4375,41.006438333333335,30.0,28.13,20.7,34.7,54.04,5.5440000000000005,1008.59,0.0
2022-07-04,13.466666666666667,23.1,49.03184392857143,28.0,27.94,22.5,33.2,55.12,7.236,1006.78,0.6
2022-07-05,13.222222222222221,22.375,45.01410088235294,34.0,27.18,21.0,32.6,60.75,6.372,1006.39,0.1
2022-07-06,11.333333333333334,18.958333333333332,37.249521666666666,42.0,26.11,20.7,30.0,59.29,10.008,1008.66,0.8
2022-07-07,14.076923076923077,18.083333333333332,33.365848529411764,34.0,26.34,21.5,31.3,51.5,9.612,1007.84,0.1
2022-07-08,12.727272727272727,17.666666666666668,37.83193236842105,38.0,24.71,17.6,30.7,55.38,7.920000000000001,1011.46,0.1
2022-07-09,14.727272727272727,16.571428571428573,34.31220833333334,30.0,25.21,18.5,30.2,38.5,12.816,1012.12,0.0
2022-07-10,13.714285714285714,18.0,29.785715208333333,48.0,25.35,18.7,32.0,39.54,6.66,1008.06,0.0
2022-07-11,13.142857142857142,17.208333333333332,36.657689,40.0,25.9,18.5,31.8,52.04,10.656,1008.55,0.0
2022-07-12,10.857142857142858,16.083333333333332,35.46246277777778,36.0,25.31,19.9,31.2,59.0,10.620000000000001,1011.34,4.7
2022-07-13,13.3125,18.875,51.46652346153846,26.0,26.95,20.5,32.9,47.46,9.972,1013.62,0.0
2022-07-14,16.058823529411764,21.25,45.85919875,32.0,27.91,19.5,34.7,43.04,5.256,1010.41,0.0
2022-07-15,14.625,19.181818181818183,50.33879925,40.0,30.39,22.5,37.7,36.29,7.308,1004.93,0.0
2022-07-16,11.76923076923077,14.625,35.81499083333333,36.0,29.37,22.6,35.3,49.58,7.776000000000001,1006.82,0.0
2022-07-17,10.916666666666666,14.052631578947368,35.92569386363636,44.0,28.93,23.6,34.3,47.54,13.392000000000001,1011.35,0.0
2022-07-18,13.375,18.208333333333332,45.218734375,32.0,29.12,22.5,34.7,42.17,12.096,1012.58,0.0
2022-07-19,19.764705882352942,23.166666666666668,43.997324705882356,34.0,29.42,21.6,35.8,35.88,10.908,1011.22,0.0
2022-07-20,15.384615384615385,23.77777777777778,41.98840366666666,30.0,30.28,21.8,36.9,30.42,8.352,1009.95,0.0
2022-07-21,19.61111111111111,24.666666666666668,46.33836882352941,34.0,31.09,23.5,37.5,34.62,6.984,1007.72,0.0
2022-07-22,16.285714285714285,23.2,47.40464363636364,44.0,31.13,23.4,38.3,39.08,5.724,1007.21,0.0
2022-07-23,,,42.178842631578945,38.0,31.21,24.5,37.5,38.08,10.008,1006.63,0.0
2022-07-24,,,40.25781275,40.0,30.65,25.2,35.3,46.5,7.092,1007.48,0.0
2022-07-25,15.428571428571429,21.384615384615383,48.9746975,16.0,31.58,25.7,37.8,45.25,6.264,1004.95,0.1
2022-07-26,,,43.83873476190476,21.0,30.04,23.5,35.8,51.71,9.144,1001.67,0.0
2022-07-27,15.25,18.15,51.85789285714286,21.0,25.89,21.6,30.5,65.33,10.44,1003.0,4.8
2022-07-28,17.136363636363637,22.5,,,26.62,22.5,32.7,60.75,9.684,1004.81,3.4
2022-07-29,13.863636363636363,21.125,44.94301307692308,13.0,26.62,21.6,32.8,60.54,6.84,1005.84,0.0
2022-07-30,9.818181818181818,13.2,38.90002388888889,18.0,25.51,19.0,31.6,59.92,6.228,1006.13,0.0
2022-07-31,20.75,31.5,51.41042458333333,24.0,27.65,20.2,34.1,43.17,6.8759999999999994,1007.01,0.0
2022-08-01,14.055555555555555,22.375,53.49428684210527,19.0,29.66,21.5,36.5,37.29,6.012,1005.71,0.0
2022-08-02,12.0,16.5,45.7669665,20.0,27.93,22.3,33.5,46.83,10.944,1007.02,1.6
2022-08-03,13.75,18.08695652173913,45.16695411764706,17.0,29.03,22.8,34.8,42.67,7.704000000000001,1007.81,0.0
2022-08-04,19.6875,22.958333333333332,45.48213277777778,18.0,30.33,23.1,36.8,38.75,6.48,1006.71,0.0
2022-08-05,17.11764705882353,23.666666666666668,47.463265,16.0,31.21,23.7,37.8,37.08,6.66,1005.11,0.0
2022-08-06,11.846153846153847,15.5,34.63317,8.0,29.4,24.0,35.4,48.75,8.604000000000001,1005.78,2.6
2022-08-07,10.272727272727273,15.263157894736842,40.767095999999995,5.0,25.66,20.6,32.0,60.75,10.656,1007.95,32.3
2022-08-08,15.133333333333333,17.863636363636363,,,26.16,21.0,30.5,53.08,7.668,1008.29,0.0
2022-08-09,13.357142857142858,16.041666666666668,40.36620363636364,22.0,26.76,21.1,32.2,52.46,9.432,1010.33,0.0
2022-08-10,13.466666666666667,17.82608695652174,37.33344882352941,17.0,26.87,20.4,32.5,43.46,10.296,1010.7,0.0
2022-08-11,14.23076923076923,19.541666666666668,31.812518571428573,21.0,26.5,20.4,31.9,41.08,8.604000000000001,1009.48,0.0
2022-08-12,10.933333333333334,17.391304347826086,40.50356736842105,19.0,25.35,21.5,29.9,39.96,12.924,1006.45,3.0
2022-08-13,14.0,18.105263157894736,47.364692380952384,21.0,23.2,16.2,29.4,57.12,6.732,1005.85,0.0
2022-08-14,11.25,12.8,22.080960923076923,13.0,24.68,15.6,31.5,46.5,6.768,1002.18,0.0
2022-08-15,10.5,10.6875,22.15460818181818,11.0,26.64,20.6,33.9,46.17,9.648000000000001,998.93,0.0
2022-08-16,10.166666666666666,14.0,35.64838130434783,23.0,25.52,19.4,31.6,60.79,5.832000000000001,1001.8,0.1
2022-08-17,11.642857142857142,18.26086956521739,,,24.99,20.3,31.5,69.42,5.004,1004.28,3.2
2022-08-18,12.529411764705882,16.166666666666668,,,23.05,20.6,26.4,74.54,8.64,1002.79,7.3
2022-08-19,12.8,14.8,75.32756571428571,7.0,21.72,17.8,26.4,76.96,8.028,1002.31,23.2
2022-08-20,,,50.37591,19.0,24.58,17.8,31.5,58.25,7.272,1003.79,0.0
2022-08-21,,,32.75889823529411,17.0,24.98,18.5,31.5,59.54,6.3,1002.78,0.0
2022-08-22,20.5,44.2,39.993055,16.0,24.88,19.3,30.8,58.67,5.076,1001.25,0.0
2022-08-23,12.5,18.772727272727273,41.07071136363636,22.0,25.04,18.4,31.6,51.21,8.496,1003.87,0.0
2022-08-24,14.733333333333333,22.291666666666668,33.143143263157896,19.0,24.8,18.0,30.5,54.17,9.936,1007.45,0.0
2022-08-25,,,32.64677391304348,23.0,25.88,19.3,31.9,51.75,6.264,1006.26,0.0
2022-08-26,13.083333333333334,20.91304347826087,30.730684999999998,12.0,25.34,20.4,32.5,62.04,6.156,1003.3,3.1
2022-08-27,11.0,16.136363636363637,24.7493437,10.0,23.81,21.1,29.2,70.54,6.6240000000000006,1002.68,10.7
2022-08-28,14.066666666666666,19.095238095238095,34.745236818181816,22.0,23.8,19.2,29.4,73.17,5.867999999999999,1005.02,4.2
2022-08-29,14.894736842105264,23.583333333333332,40.88337666666667,21.0,24.69,19.6,31.2,66.92,6.768,1008.28,3.6
2022-08-30,11.95,22.545454545454547,38.94070272727273,11.0,24.79,21.0,29.9,64.96,6.156,1008.91,0.4
2022-08-31,14.11111111111111,21.625,39.11764125,8.0,22.65,19.4,28.0,78.62,6.84,1006.23,8.7
2022-09-01,12.6875,19.958333333333332,40.924107142857146,14.0,22.51,18.9,27.1,73.83,9.828,1005.68,3.7
2022-09-02,14.941176470588236,21.52173913043478,46.29490263157895,19.0,22.07,17.3,27.1,67.71,8.136,1006.98,0.0
2022-09-03,12.909090909090908,22.333333333333332,,,22.03,17.8,26.5,72.04,6.768,1006.91,0.2
2022-09-04,19.0,20.565217391304348,35.896724705882356,17.0,22.68,18.3,28.3,77.46,4.32,1010.65,0.8
2022-09-05,14.529411764705882,25.458333333333332,40.15606388888889,18.0,24.14,18.4,30.8,66.17,5.5440000000000005,1013.2,0.0
2022-09-06,13.722222222222221,28.0,46.223952499999996,16.0,24.97,18.0,32.0,57.67,4.824000000000001,1010.22,0.4
2022-09-07,16.833333333333332,28.625,,,24.77,19.9,30.2,67.88,5.796,1007.32,0.6
2022-09-08,15.277777777777779,24.583333333333332,26.81502175,8.0,24.46,20.2,32.2,68.29,9.288,1003.03,3.3
2022-09-09,16.11111111111111,27.916666666666668,41.610112,20.0,22.2,17.7,28.1,72.62,6.012,1003.57,0.5
2022-09-10,17.071428571428573,27.416666666666668,38.71608727272727,22.0,22.46,17.2,27.8,61.17,7.092,1005.16,0.1
2022-09-11,16.75,20.40909090909091,47.297262,15.0,22.22,16.5,28.0,61.08,5.508,1006.62,0.0
2022-09-12,19.933333333333334,26.0,41.638440476190475,21.0,22.08,15.3,29.4,59.33,4.86,1007.1,0.0
2022-09-13,17.833333333333332,28.458333333333332,50.44030476190476,21.0,23.3,16.3,30.1,58.71,5.867999999999999,1005.35,0.0
2022-09-14,14.823529411764707,25.541666666666668,,,24.27,19.6,29.6,61.25,9.576,1003.0,0.4
2022-09-15,18.61111111111111,25.52173913043478,,1.0,24.47,19.5,30.2,67.71,10.764000000000001,998.82,0.7
2022-09-16,20.666666666666668,26.5,65.32223,8.0,24.38,19.2,31.2,62.62,9.036,995.78,0.5
2022-09-17,19.2,18.904761904761905,35.97438722222223,18.0,16.76,12.8,19.9,72.58,11.628,999.28,24.5
2022-09-18,18.2,20.0,32.67155431578948,19.0,17.88,13.0,23.8,38.5,13.104000000000001,1005.76,0.0
2022-09-19,,,54.71313190476191,21.0,18.9,12.3,25.5,55.21,8.352,1004.16,0.0
2022-09-20,20.125,28.0,55.97859470588236,17.0,16.49,11.1,22.7,67.46,7.056,1008.38,0.1
2022-09-21,19.294117647058822,27.75,40.482262142857145,14.0,15.85,12.3,20.5,60.92,11.735999999999999,1012.58,0.0
2022-09-22,20.764705882352942,25.916666666666668,56.45230214285714,14.0,14.63,8.7,20.9,57.67,6.984,1013.13,0.0
2022-09-23,22.22222222222222,29.75,60.52395235294117,17.0,14.83,8.5,21.9,60.71,4.284,1011.84,0.0
2022-09-24,,,,,14.78,11.9,17.6,76.96,4.104,1007.75,2.8
2022-09-25,15.058823529411764,22.695652173913043,,,15.9,13.9,19.3,86.5,4.104,1003.87,0.8
2022-09-26,17.318181818181817,27.625,65.974257,20.0,16.34,12.5,20.6,80.46,6.12,998.86,1.9
2022-09-27,19.05,27.875,71.79293384615384,13.0,16.83,11.3,22.5,73.08,7.488,991.99,0.1
2022-09-28,16.0,,,2.0,15.72,11.4,20.8,77.75,7.596,992.01,0.2
2022-09-29,16.736842105263158,,,,16.38,12.4,24.0,79.38,8.712,990.63,0.8
2022-09-30,22.130434782608695,,,,14.57,12.6,16.9,94.17,6.012,999.32,6.9
2023-04-01,18.647058823529413,27.08695652173913,44.26229277777778,18.0,13.85,8.1,21.0,63.25,9.504000000000001,997.2,0.0
2023-04-02,15.375,20.208333333333332,28.970431666666666,12.0,11.52,6.8,16.4,71.88,7.272,1001.39,0.5
2023-04-03,19.333333333333332,25.25,40.640821875,16.0,10.45,5.0,15.9,70.08,12.06,1005.25,0.2
2023-04-04,16.6875,23.541666666666668,67.40358238095239,21.0,7.82,4.3,12.0,49.29,13.644,1007.99,0.0
2023-04-05,21.57894736842105,28.708333333333332,79.21018947368421,19.0,6.43,1.2,12.1,50.96,8.712,1010.14,0.0
2023-04-06,28.272727272727273,37.166666666666664,69.23403304347826,23.0,7.42,1.2,14.2,44.67,5.508,1010.65,0.0
2023-04-07,22.454545454545453,33.22727272727273,,,8.52,2.0,14.6,73.46,7.344,1007.91,7.4
2023-04-08,15.142857142857142,22.25,34.190187826086955,23.0,10.41,4.2,16.5,72.71,6.9479999999999995,1008.97,0.0
2023-04-09,11.666666666666666,15.523809523809524,19.934445526315788,19.0,11.05,6.3,16.1,71.83,10.404,1012.74,0.3
2023-04-10,15.133333333333333,18.652173913043477,34.23060523809524,21.0,10.68,4.1,16.6,63.12,7.992000000000001,1014.92,0.0
2023-04-11,23.0,24.916666666666668,35.471946933333335,15.0,12.98,5.4,20.4,67.42,10.296,1008.1,0.0
2023-04-12,14.8,25.0,,,12.32,7.2,17.6,78.46,6.228,1001.52,0.0
2023-04-13,11.75,21.916666666666668,,,10.48,7.6,14.9,88.33,8.388,994.15,23.7
2023-04-14,11.6,23.75,54.854191666666665,18.0,11.66,5.8,18.7,57.0,13.14,995.64,2.2
2023-04-15,18.533333333333335,23.125,37.323319500000004,20.0,11.53,5.6,18.2,69.38,6.803999999999999,997.31,0.8
2023-04-16,15.1875,20.52173913043478,37.85718117647059,17.0,11.97,6.8,17.8,70.62,6.264,1004.67,0.0
2023-04-17,25.842105263157894,33.416666666666664,31.737584285714288,7.0,10.62,4.6,16.7,72.08,6.12,1006.86,0.9
2023-04-18,17.5,28.291666666666668,58.072810000000004,6.0,13.41,7.1,20.0,63.29,7.704000000000001,1007.06,0.1
2023-04-19,18.58823529411765,24.916666666666668,45.858431764705884,17.0,13.82,7.4,20.9,68.42,6.3,1006.37,0.7
2023-04-20,12.3125,20.75,,1.0,12.57,8.8,17.5,86.0,11.808,1003.55,16.2
2023-04-21,14.76923076923077,23.458333333333332,60.22695000000001,3.0,13.34,11.1,18.7,85.17,8.46,1006.06,6.1
2023-04-22,,,49.720735454545455,11.0,15.05,9.1,21.2,76.38,5.22,1006.48,0.0
2023-04-23,13.0,17.285714285714285,32.668415384615386,13.0,15.88,9.6,23.5,61.08,7.920000000000001,1003.5,0.0
2023-04-24,13.428571428571429,20.6,32.976405,22.0,15.59,11.1,21.8,69.5,10.476,998.86,4.5
2023-04-25,,,30.671812777777777,18.0,12.39,8.2,18.4,81.79,8.208,1000.7,1.7
2023-04-26,17.785714285714285,22.47826086956522,48.25022590909091,22.0,12.74,4.8,20.2,69.29,4.86,1005.65,0.0
2023-04-27,16.833333333333332,24.208333333333332,,,14.05,6.5,21.1,63.38,7.092,1009.0,0.0
2023-04-28,15.631578947368421,25.166666666666668,39.72552166666667,6.0,15.11,8.8,21.3,70.92,5.867999999999999,1010.06,0.0
2023-04-29,13.705882352941176,23.791666666666668,42.487339999999996,8.0,16.11,11.9,20.5,75.33,6.372,1006.62,0.6
2023-04-30,9.75,14.125,,,16.48,12.2,20.5,77.5,13.176,1006.52,0.6
2023-05-01,9.0,15.181818181818182,,,14.75,13.0,18.0,79.96,11.412,1006.57,13.3
2023-05-02,12.909090909090908,22.083333333333332,,,13.44,12.3,15.3,89.21,7.812,1007.54,29.9
2023-05-03,16.555555555555557,23.458333333333332,32.47180478260869,23.0,14.58,11.4,18.6,80.0,6.336,1012.61,1.0
2023-05-04,16.125,21.625,47.20709571428571,14.0,15.45,7.8,21.9,72.58,5.976,1012.96,0.0
2023-05-05,17.27777777777778,25.291666666666668,56.65646625,16.0,16.89,9.4,24.0,73.21,4.32,1010.77,0.0
2023-05-06,12.277777777777779,20.958333333333332,47.526221904761904,21.0,19.11,12.9,25.1,65.5,6.912,1007.54,0.0
2023-05-07,13.071428571428571,19.625,40.259892941176474,17.0,18.6,14.4,25.0,79.96,6.012,1007.85,10.7
2023-05-08,13.083333333333334,17.791666666666668,44.931798,5.0,17.87,13.8,21.2,81.79,7.992000000000001,1009.92,4.8
2023-05-09,10.944444444444445,19.47826086956522,45.240434666666665,15.0,17.22,13.8,22.0,81.17,10.8,1008.87,3.5
2023-05-10,12.647058823529411,24.142857142857142,,,13.28,11.3,14.6,89.42,11.124,1004.17,24.5
2023-05-11,12.0,18.0,,1.0,13.98,10.9,18.3,80.75,6.048,1003.05,1.4
2023-05-12,13.23076923076923,22.083333333333332,63.18840666666667,3.0,13.57,9.0,18.0,83.67,7.848000000000001,1004.68,1.2
2023-05-13,10.4,16.291666666666668,29.558151666666664,6.0,13.92,11.1,17.7,85.33,6.48,1008.52,2.6
2023-05-14,9.916666666666666,16.75,,,13.15,11.0,17.1,86.21,6.516,1005.02,19.3
2023-05-15,13.4,22.25,43.65468428571429,21.0,14.67,7.9,20.5,81.46,5.04,1000.86,3.1
2023-05-16,14.25,31.666666666666668,,,14.0,11.9,16.3,88.25,7.02,997.7,10.9
2023-05-17,13.736842105263158,27.0,,,14.49,12.4,18.1,83.0,6.084,1003.7,17.1
2023-05-18,12.615384615384615,18.583333333333332,19.023536666666665,6.0,14.83,10.1,19.4,76.29,9.18,1009.43,0.0
2023-05-19,12.95,25.208333333333332,,,13.59,12.4,14.8,88.54,10.26,1010.05,11.4
2023-05-20,14.375,28.125,,,14.63,12.8,16.9,91.38,7.74,1007.23,7.1
2023-05-21,16.0,23.25,30.071093076923077,13.0,17.89,14.2,23.4,83.75,7.164,1005.18,3.5
2023-05-22,14.785714285714286,25.125,36.75113681818181,22.0,19.46,13.8,25.2,74.83,6.408,1005.5,0.1
2023-05-23,12.071428571428571,18.26086956521739,43.87291999999999,18.0,20.91,14.1,27.1,67.62,6.048,1004.79,0.0
2023-05-24,12.333333333333334,20.217391304347824,46.45608909090909,11.0,19.47,15.4,24.4,74.92,7.38,1005.08,9.2
2023-05-25,11.833333333333334,18.363636363636363,38.411878333333334,6.0,18.1,14.9,22.0,84.46,8.136,1009.87,0.6
2023-05-26,14.818181818181818,20.25,43.279896190476194,21.0,20.37,14.2,26.5,74.96,6.012,1010.72,0.0
2023-05-27,12.444444444444445,17.083333333333332,33.2922515,20.0,20.12,14.9,25.1,74.92,9.684,1010.08,0.0
2023-05-28,9.727272727272727,14.8,29.112077272727273,11.0,20.19,15.6,25.0,72.5,5.076,1007.05,0.3
2023-05-29,16.46153846153846,22.391304347826086,36.57177846153846,13.0,20.38,14.1,25.5,71.38,5.976,1006.56,0.0
2023-05-30,12.76923076923077,19.52173913043478,30.48546,3.0,20.17,14.4,25.6,70.04,7.056,1007.45,0.1
2023-05-31,10.0,16.818181818181817,33.2940575,12.0,19.81,14.6,25.2,69.67,8.28,1009.07,0.6
2023-06-01,13.615384615384615,20.666666666666668,39.440243157894734,19.0,20.37,14.3,25.9,71.29,5.112,1007.88,0.3
2023-06-02,,14.541666666666666,32.605579523809524,21.0,21.39,16.5,26.1,68.04,6.336,1005.07,1.5
2023-06-03,12.076923076923077,18.666666666666668,39.24218375,8.0,20.14,15.9,24.3,78.83,5.436,1006.88,4.2
2023-06-04,9.545454545454545,15.285714285714286,,1.0,19.14,15.5,25.0,85.29,5.688000000000001,1008.39,2.3
2023-06-05,13.0,17.625,,,18.4,16.3,20.9,85.08,6.372,1007.78,4.6
2023-06-06,8.7,15.826086956521738,32.835241249999996,16.0,19.8,14.5,24.6,80.12,5.472,1007.42,0.3
2023-06-07,11.38888888888889,21.916666666666668,,,19.61,15.1,24.1,82.62,4.680000000000001,1008.01,0.4
2023-06-08,12.588235294117647,20.608695652173914,42.232941999999994,20.0,20.2,15.4,26.6,80.62,5.652,1005.93,2.1
2023-06-09,12.5,22.791666666666668,39.749516842105265,19.0,21.28,16.3,27.0,76.0,6.444,1004.2,0.9
2023-06-10,12.583333333333334,22.541666666666668,,1.0,21.1,18.5,24.0,75.12,5.796,1003.57,1.1
2023-06-11,10.0,15.3,38.568936666666666,21.0,22.0,16.7,27.5,75.21,6.372,1003.95,0.2
2023-06-12,13.166666666666666,17.958333333333332,33.58829631578948,19.0,22.22,16.8,27.4,72.25,7.02,1004.25,1.4
2023-06-13,,16.695652173913043,,,20.23,17.5,24.1,81.42,11.520000000000001,1002.48,10.0
2023-06-14,11.714285714285714,20.041666666666668,,,20.23,16.6,24.9,82.25,6.228,1002.91,5.4
2023-06-15,10.583333333333334,19.083333333333332,30.85682,12.0,21.44,15.3,26.5,72.46,5.904,1005.63,0.2
2023-06-16,13.666666666666666,25.333333333333332,33.65490695652174,23.0,21.8,15.4,27.8,66.71,5.004,1006.1,0.0
2023-06-17,11.866666666666667,23.166666666666668,41.91922842105263,19.0,22.25,15.4,28.8,65.33,4.392,1006.17,0.0
2023-06-18,11.0,15.478260869565217,49.14964428571429,21.0,23.58,16.4,29.9,60.5,6.444,1007.2,0.0
2023-06-19,16.2,21.208333333333332,45.302208888888885,18.0,23.82,18.1,30.6,55.88,5.832000000000001,1007.93,0.0
2023-06-20,10.571428571428571,23.833333333333332,28.534820636363634,22.0,24.9,17.2,30.3,46.04,7.776000000000001,1008.72,0.0
2023-06-21,13.5,28.791666666666668,35.971250714285716,14.0,26.17,19.4,31.5,46.83,6.6240000000000006,1009.52,0.0
2023-06-22,11.666666666666666,23.791666666666668,33.13982428571428,14.0,27.1,21.1,33.0,57.33,5.976,1009.11,0.0
2023-06-23,12.9,24.666666666666668,50.07852523809524,21.0,26.45,21.8,31.0,55.25,11.484,1006.61,0.4
2023-06-24,9.0,18.5,45.23116117647059,17.0,25.59,20.3,30.8,52.38,8.136,1009.54,0.1
2023-06-25,10.5,16.863636363636363,37.338651818181816,22.0,25.38,18.6,30.8,51.12,8.064000000000002,1008.88,0.0
2023-06-26,13.0,24.541666666666668,47.09930933333333,15.0,26.46,17.9,33.2,53.21,4.428,1006.9,0.0
2023-06-27,13.0,23.615384615384617,51.52117666666666,12.0,27.31,21.4,32.5,59.04,7.2,1004.16,0.6
2023-06-28,,18.384615384615383,27.2608,6.0,23.48,20.1,27.6,69.92,14.688,1005.76,0.4
2023-06-29,10.307692307692308,20.708333333333332,44.692501,20.0,24.39,18.5,29.6,53.58,10.728,1007.7,0.0
2023-06-30,14.409090909090908,32.45454545454545,,,21.32,18.0,23.7,76.46,6.12,1004.07,10.9
2023-07-01,11.0,22.833333333333332,25.085898181818184,11.0,21.74,16.8,26.7,75.21,5.472,1000.67,0.0
2023-07-02,14.75,14.545454545454545,34.434334285714286,21.0,24.68,19.4,30.5,67.79,5.256,1001.3,0.7
2023-07-03,11.625,18.958333333333332,32.354268181818185,11.0,23.55,19.6,28.5,73.25,5.904,1003.9,13.1
2023-07-04,10.153846153846153,21.708333333333332,34.95304090909091,22.0,22.7,18.4,26.8,79.5,6.84,1006.27,7.3
2023-07-05,8.6,20.166666666666668,36.16257941176471,17.0,23.2,18.2,28.5,73.25,6.516,1006.01,6.0
2023-07-06,10.2,19.125,,,22.37,19.0,25.7,76.79,6.9479999999999995,1007.72,1.4
2023-07-07,11.071428571428571,19.75,35.75097785714286,14.0,23.9,17.1,29.6,69.71,7.056,1011.92,0.0
2023-07-08,15.071428571428571,23.541666666666668,39.5289925,16.0,24.8,18.2,31.0,61.92,6.228,1012.27,0.0
2023-07-09,11.909090909090908,18.0,44.227818181818186,22.0,27.12,19.4,33.8,59.54,5.5440000000000005,1012.12,0.0
2023-07-10,11.4,20.0,47.004897222222226,18.0,28.9,21.5,35.5,60.62,4.32,1011.21,0.0
2023-07-11,12.833333333333334,20.130434782608695,48.725375,20.0,29.65,22.5,36.2,52.62,4.464,1008.39,0.0
2023-07-12,9.714285714285714,17.59090909090909,36.257955384615386,13.0,28.26,23.5,34.5,63.17,7.596,1006.42,0.0
2023-07-13,,,55.11114952380952,21.0,24.95,20.0,29.0,73.96,7.164,1006.08,46.0
2023-07-14,,,36.049172,20.0,26.0,21.2,30.9,70.88,9.828,1008.12,0.5
2023-07-15,,,48.727225238095244,21.0,27.33,20.5,34.0,63.88,4.716,1007.28,0.0
2023-07-16,,,42.19176384615385,13.0,28.23,20.5,36.5,50.67,7.38,1006.58,0.0
2023-07-17,,,38.932806666666664,18.0,29.38,21.9,37.2,48.75,10.476,1007.98,0.0
2023-07-18,,,41.766726190476184,21.0,30.66,23.4,37.7,52.0,6.732,1007.86,0.0
2023-07-19,10.75,14.857142857142858,41.773665263157895,19.0,28.54,24.0,34.0,65.42,9.18,1003.49,2.5
2023-07-20,12.545454545454545,18.65,45.1656,21.0,27.6,20.8,33.7,65.38,8.1,1001.22,5.4
2023-07-21,11.615384615384615,16.85,39.621024000000006,15.0,26.12,22.5,29.2,65.75,9.395999999999999,1000.77,0.9
2023-07-22,12.4,17.458333333333332,27.0826975,4.0,24.17,19.7,28.5,74.71,6.84,1004.92,5.0
2023-07-23,16.166666666666668,17.894736842105264,32.386202352941176,17.0,26.51,19.4,34.3,59.38,8.784,1006.81,0.0
2023-07-24,13.647058823529411,20.0,20.072391000000003,5.0,26.22,20.4,33.1,55.62,8.856,1002.44,0.6
2023-07-25,11.625,15.652173913043478,21.742923333333334,3.0,24.58,21.0,30.1,64.71,8.568,995.02,0.3
2023-07-26,15.5,20.833333333333332,46.27499894736842,19.0,23.98,19.1,29.8,49.5,7.164,999.81,7.6
2023-07-27,,,50.292901,20.0,23.0,17.5,28.1,59.75,8.28,1006.21,0.0
2023-07-28,,,34.22543066666667,15.0,24.3,17.6,31.1,55.62,9.864,1005.08,0.0
2023-07-29,,,28.398424545454546,22.0,26.58,21.0,32.8,57.71,9.936,1004.87,0.0
2023-07-30,,,33.7963780952381,21.0,27.04,21.6,32.3,57.96,6.696000000000001,1003.95,0.0
2023-07-31,,,32.405485999999996,20.0,27.31,22.0,32.2,60.5,7.272,1003.68,0.0
2023-08-01,,,20.307801599999998,10.0,26.23,20.2,31.9,50.08,11.592,997.47,0.0
2023-08-02,,,49.337672857142856,14.0,25.75,20.2,32.5,59.25,9.504000000000001,997.82,0.0
2023-08-03,,,37.035628095238096,21.0,26.8,22.0,31.9,54.42,13.5,996.86,0.0
2023-08-04,12.545454545454545,21.41176470588235,,,24.25,19.5,29.0,51.21,7.488,998.42,1.6
2023-08-05,11.375,16.347826086956523,43.68627818181818,11.0,20.88,16.6,25.8,70.33,9.72,999.09,17.8
2023-08-06,11.75,18.263157894736842,32.22445944444444,18.0,23.14,17.3,29.5,45.54,12.96,997.84,0.0
2023-08-07,12.117647058823529,18.695652173913043,49.043608421052625,19.0,21.82,15.4,28.0,36.08,12.852,1004.14,0.0
2023-08-08,18.357142857142858,20.833333333333332,46.934812666666666,15.0,21.81,13.9,29.5,41.17,5.688000000000001,1008.04,0.0
2023-08-09,12.0,17.583333333333332,37.1384,16.0,23.06,15.8,29.8,48.08,4.752000000000001,1007.52,0.0
2023-08-10,14.846153846153847,17.375,39.438953636363635,22.0,24.82,17.4,31.5,57.5,8.1,1009.55,0.0
2023-08-11,10.4375,15.8,42.70118411764706,17.0,25.91,19.5,31.8,54.38,8.892000000000001,1012.8,0.0
2023-08-12,13.785714285714286,17.4,38.31963625,24.0,26.35,19.2,32.8,54.12,6.192,1012.05,0.0
2023-08-13,10.538461538461538,14.444444444444445,33.241048125,16.0,27.96,21.2,33.8,52.29,6.336,1009.94,0.0
2023-08-14,12.705882352941176,17.285714285714285,32.03510791666667,24.0,28.18,21.9,33.1,53.29,6.6240000000000006,1009.25,0.0
2023-08-15,12.6,14.8,30.406950000000002,18.0,27.88,21.4,33.8,48.25,4.644,1008.73,0.0
2023-08-16,15.0,18.75,41.318583000000004,20.0,27.65,21.5,33.5,63.17,4.824000000000001,1008.9,0.9
2023-08-17,12.666666666666666,18.695652173913043,37.139446923076925,13.0,25.54,21.7,31.8,71.54,7.272,1008.45,2.0
2023-08-18,12.0,13.777777777777779,41.361111875,16.0,27.28,21.3,33.0,61.92,5.5440000000000005,1007.6,0.0
2023-08-19,15.071428571428571,18.75,38.57599809523809,21.0,28.26,21.0,34.8,59.21,4.5,1008.25,0.0
2023-08-20,16.272727272727273,20.733333333333334,41.326013157894735,19.0,28.99,22.1,35.0,52.71,8.712,1010.53,0.0
2023-08-21,13.916666666666666,16.352941176470587,47.8039565,20.0,29.44,23.0,35.3,48.38,6.192,1011.7,0.0
2023-08-22,14.785714285714286,19.217391304347824,51.830256,15.0,29.6,21.9,36.2,48.33,5.472,1009.58,0.0
2023-08-23,19.125,24.09090909090909,42.182205,14.0,29.88,22.0,37.6,46.92,5.148,1007.35,0.0
2023-08-24,21.8,25.818181818181817,40.331151999999996,15.0,30.09,22.3,37.5,41.75,5.9399999999999995,1006.82,0.0
2023-08-25,19.875,27.5,54.624191764705884,17.0,30.07,23.0,38.8,44.62,7.524,1004.37,0.0
2023-08-26,,,24.55696304761905,21.0,29.02,23.0,35.8,45.71,10.584,1002.68,0.1
2023-08-27,,,,,24.14,22.0,26.8,68.33,8.676,999.85,2.4
2023-08-28,11.2,19.09090909090909,,,21.42,17.9,26.5,80.12,12.852,991.46,40.6
2023-08-29,12.2,25.608695652173914,,,18.68,16.2,22.9,79.0,9.072000000000001,993.84,11.7
2023-08-30,13.333333333333334,19.916666666666668,47.359385714285715,21.0,20.25,15.4,25.1,66.25,5.867999999999999,997.89,0.0
2023-08-31,14.23076923076923,21.52173913043478,43.8485975,4.0,20.74,15.9,25.5,69.42,7.524,1004.81,1.9
2023-09-01,15.5,23.82608695652174,54.11515714285714,21.0,22.03,16.5,27.8,64.92,6.768,1009.77,0.0
2023-09-02,15.916666666666666,28.583333333333332,53.53741,16.0,23.13,16.9,28.6,62.0,5.112,1012.14,0.0
2023-09-03,16.5,16.80952380952381,39.65029857142857,14.0,24.84,18.6,31.1,58.92,7.308,1013.56,0.0
2023-09-04,15.722222222222221,22.125,52.097907727272734,22.0,24.46,19.5,29.7,61.0,10.728,1013.84,0.0
2023-09-05,15.421052631578947,24.791666666666668,43.2622,19.0,23.03,19.1,27.2,49.29,10.872,1013.62,0.0
2023-09-06,20.928571428571427,28.47826086956522,48.897147619047615,21.0,21.77,15.2,27.8,55.54,6.048,1013.27,0.0
2023-09-07,15.2,23.304347826086957,46.20470875,16.0,22.54,15.9,29.3,57.04,7.452,1012.29,0.0
2023-09-08,21.11764705882353,36.125,50.50264642857143,14.0,22.78,15.6,29.5,56.12,5.4,1011.58,0.0
2023-09-09,20.764705882352942,32.625,41.71669882352941,17.0,23.49,16.1,30.1,54.17,5.760000000000001,1010.44,0.0
2023-09-10,16.23076923076923,25.263157894736842,47.961176875,16.0,23.4,15.6,30.7,54.21,5.904,1010.18,0.0
2023-09-11,17.733333333333334,31.82608695652174,59.92630727272728,22.0,24.25,16.7,31.8,48.17,5.22,1007.3,0.0
2023-09-12,16.857142857142858,30.217391304347824,65.05983714285715,14.0,24.99,17.9,32.0,52.46,5.112,1006.1,0.0
2023-09-13,20.571428571428573,27.458333333333332,47.961938,15.0,23.61,19.8,29.4,62.25,8.352,1008.0,0.2
2023-09-14,12.375,18.833333333333332,,1.0,22.48,18.5,28.3,73.54,4.932,1009.46,5.5
2023-09-15,15.666666666666666,26.681818181818183,65.13108454545454,11.0,20.6,17.5,24.4,86.42,5.724,1010.18,11.8
2023-09-16,18.25,27.666666666666668,60.644268499999995,20.0,20.85,16.4,25.1,83.21,6.516,1010.07,1.2
2023-09-17,15.142857142857142,20.916666666666668,38.42816421052632,19.0,22.35,18.2,27.4,81.46,3.9240000000000004,1010.71,0.0
2023-09-18,19.733333333333334,26.304347826086957,,,22.51,19.0,26.4,80.08,8.172,1007.0,2.6
2023-09-19,14.5,23.17391304347826,66.11543461538461,13.0,22.94,18.9,28.8,71.08,6.696000000000001,1005.63,0.0
2023-09-20,14.7,24.958333333333332,82.72865999999999,7.0,20.76,17.0,25.3,73.58,6.768,1007.21,2.1
2023-09-21,15.1,25.25,,1.0,20.76,16.8,25.9,76.62,5.58,1001.6,0.2
2023-09-22,16.95,28.136363636363637,,,21.08,18.6,25.1,72.62,8.28,997.23,4.0
2023-09-23,14.047619047619047,25.666666666666668,45.204771875,16.0,19.02,15.4,24.0,67.04,8.388,1002.45,0.2
2023-09-24,14.0,23.458333333333332,43.381291,20.0,17.57,11.9,24.1,64.38,6.228,1011.5,0.0
2023-09-25,19.045454545454547,33.625,80.60484533333333,15.0,18.23,12.4,24.7,62.92,6.048,1013.65,0.0
2023-09-26,20.15,31.82608695652174,64.606926875,16.0,19.35,13.4,25.6,68.58,5.6160000000000005,1013.38,0.0
2023-09-27,20.055555555555557,35.18181818181818,77.28139227272727,22.0,20.77,14.6,27.2,66.54,6.516,1012.16,0.0
2023-09-28,21.3,38.82608695652174,62.503098888888886,18.0,19.84,13.8,26.8,64.12,5.9399999999999995,1011.54,0.0
2023-09-29,22.27777777777778,36.38095238095238,60.715089,20.0,19.75,13.8,27.0,65.33,5.4,1013.07,0.0
2023-09-30,19.88235294117647,40.76190476190476,50.575316666666666,15.0,19.87,12.9,28.0,63.0,5.58,1013.45,0.0
2024-04-01,3.0625,11.9375,,,14.09,11.2,17.4,73.04,12.996,995.39,15.4
2024-04-02,10.380952380952381,24.095238095238095,63.780482,15.0,14.4,10.4,20.0,62.5,13.968,1004.0,0.1
2024-04-03,8.9,24.045454545454547,,,12.72,8.8,17.8,71.33,10.188,1007.34,0.1
2024-04-04,12.478260869565217,26.26086956521739,66.5075376923077,13.0,12.95,7.1,18.6,81.29,6.5520000000000005,1010.83,0.0
2024-04-05,13.26086956521739,25.956521739130434,58.511717499999996,16.0,14.39,8.1,18.9,74.12,7.884,1014.54,0.0
2024-04-06,15.083333333333334,27.666666666666668,43.22748380952381,21.0,14.52,8.6,20.7,74.04,6.048,1015.37,0.0
2024-04-07,12.875,23.541666666666668,49.00068842105263,19.0,15.82,8.4,23.0,65.75,5.4,1013.17,0.0
2024-04-08,11.421052631578947,24.263157894736842,50.18950368421052,19.0,16.8,10.1,23.5,80.33,6.336,1009.01,0.0
2024-04-09,15.0,29.428571428571427,69.87488625,8.0,14.89,10.2,21.7,85.75,7.74,1006.9,2.4
2024-04-10,7.294117647058823,22.823529411764707,,,12.41,10.9,13.6,87.83,11.808,1009.18,27.8
2024-04-11,12.333333333333334,26.761904761904763,61.17175095238095,21.0,14.82,10.2,20.2,79.46,4.896000000000001,1019.58,0.1
2024-04-12,7.923076923076923,29.0,54.42601950000001,20.0,16.16,9.3,23.5,78.54,5.184,1020.77,0.0
2024-04-13,14.391304347826088,30.652173913043477,55.96280923076923,13.0,17.65,10.1,25.2,76.54,3.8520000000000003,1018.59,0.0
2024-04-14,7.375,20.958333333333332,46.148468666666666,15.0,18.79,12.0,26.2,77.29,4.932,1014.3,0.0
2024-04-15,3.8666666666666667,18.473684210526315,,,18.31,12.9,23.9,55.08,10.548,1004.61,0.0
2024-04-16,2.235294117647059,15.2,43.64197736842105,19.0,17.08,10.8,21.5,54.29,19.944,993.65,0.0
2024-04-17,4.565217391304348,17.608695652173914,36.34202181818182,22.0,12.06,7.9,16.6,66.21,7.992000000000001,997.52,0.0
2024-04-18,11.181818181818182,21.59090909090909,,,8.98,6.2,12.6,79.0,9.395999999999999,1001.63,2.2
2024-04-19,8.631578947368421,18.263157894736842,47.966024499999996,20.0,10.48,3.0,16.5,62.62,7.452,1006.62,0.0
2024-04-20,9.80952380952381,18.0,36.67101588235295,17.0,11.63,7.7,16.6,63.21,8.352,1002.06,1.0
2024-04-21,7.545454545454546,11.954545454545455,,,9.25,3.0,15.2,70.29,7.992000000000001,1005.77,1.0
2024-04-22,7.904761904761905,13.105263157894736,,,6.58,5.2,8.0,89.33,17.244,1004.45,47.6
2024-04-23,13.35,33.05555555555556,,,6.17,4.7,8.1,89.12,7.992000000000001,1001.53,10.7
2024-04-24,11.833333333333334,21.291666666666668,44.38970454545454,11.0,9.25,5.9,13.4,77.67,7.776000000000001,999.0,3.8
2024-04-25,8.909090909090908,15.454545454545455,25.756659285714285,14.0,9.46,5.2,14.2,77.08,9.107999999999999,1000.36,0.0
2024-04-26,10.857142857142858,18.714285714285715,34.94785666666667,3.0,9.8,3.4,16.4,82.88,5.867999999999999,1003.28,4.3
2024-04-27,9.608695652173912,18.565217391304348,23.039206999999998,10.0,12.67,9.0,16.9,83.79,6.6240000000000006,1007.75,0.2
2024-04-28,7.791666666666667,13.75,,,14.85,10.6,20.3,81.29,9.036,1011.11,0.3
2024-04-29,14.291666666666666,25.083333333333332,38.08719,13.0,15.04,9.2,21.0,79.79,6.372,1013.15,0.7
2024-04-30,13.25,24.291666666666668,40.6855175,16.0,16.29,8.9,23.4,72.42,6.803999999999999,1009.45,0.0
2024-05-01,11.681818181818182,22.045454545454547,,,14.27,11.6,16.8,84.42,6.48,1001.13,18.0
2024-05-02,9.0,22.541666666666668,,,14.51,10.2,18.0,78.58,9.18,997.63,18.7
2024-05-03,8.130434782608695,20.91304347826087,35.78249869565217,23.0,13.47,7.1,18.9,75.33,9.395999999999999,1003.1,0.1
2024-05-04,6.708333333333333,18.625,34.443806470588235,17.0,15.24,10.4,20.2,78.79,5.472,1007.63,2.3
2024-05-05,4.545454545454546,12.636363636363637,32.198521428571425,21.0,16.36,9.8,22.8,67.08,10.728,1007.12,0.0
2024-05-06,10.681818181818182,20.454545454545453,,,15.0,9.9,19.0,73.67,7.128,1005.43,0.0
2024-05-07,10.25,22.2,,,14.85,11.4,18.2,84.17,5.508,1004.74,8.6
2024-05-08,6.818181818181818,15.272727272727273,29.599670500000002,20.0,15.12,10.3,20.0,84.58,7.128,1008.77,6.3
2024-05-09,10.08695652173913,19.565217391304348,34.51249083333334,12.0,16.69,11.6,22.0,77.17,8.316,1011.37,0.3
2024-05-10,12.045454545454545,24.227272727272727,52.807321,20.0,16.99,11.7,22.5,73.33,4.680000000000001,1011.48,0.0
2024-05-11,10.833333333333334,20.041666666666668,49.237344,15.0,17.38,9.9,24.4,70.04,5.112,1010.49,0.0
2024-05-12,10.791666666666666,16.875,29.930589375,16.0,18.5,10.9,25.6,70.5,4.5,1008.68,0.2
2024-05-13,11.083333333333334,23.0,47.63765421052632,19.0,17.55,13.4,21.9,75.33,5.724,1007.03,0.6
2024-05-14,7.956521739130435,17.0,29.0048,11.0,17.78,12.9,23.0,79.79,8.604000000000001,1002.76,0.3
2024-05-15,6.916666666666667,14.125,,,16.29,14.5,19.6,91.58,13.607999999999999,1000.34,26.7
2024-05-16,9.666666666666666,19.666666666666668,,,15.56,12.8,18.5,90.92,10.368,998.48,21.4
2024-05-17,7.625,20.8125,31.555280666666665,15.0,16.24,10.6,21.9,74.12,9.360000000000001,1001.32,0.3
2024-05-18,6.25,15.25,46.132131578947366,19.0,16.78,10.4,23.0,73.29,7.416,1004.95,4.8
2024-05-19,7.0,16.8,26.0833375,12.0,18.04,12.6,22.7,78.25,4.968,1003.66,0.0
2024-05-20,8.5,19.454545454545453,,,17.73,12.7,22.4,87.17,7.272,1002.12,18.1
2024-05-21,4.0,11.181818181818182,43.756978571428576,7.0,18.06,15.3,23.2,79.08,15.012,998.24,17.1
2024-05-22,,,,2.0,17.34,14.6,22.4,79.21,5.148,1003.06,11.4
2024-05-23,9.217391304347826,18.47826086956522,,,16.5,11.9,20.4,79.46,7.056,1007.88,3.8
2024-05-24,9.217391304347826,16.695652173913043,24.869532857142854,7.0,16.5,11.1,21.9,79.29,4.680000000000001,1009.91,1.7
2024-05-25,11.909090909090908,19.318181818181817,,,16.46,13.1,19.8,84.46,5.04,1009.46,2.8
2024-05-26,6.565217391304348,15.043478260869565,36.306603599999995,25.0,18.45,11.7,24.5,73.17,6.408,1009.67,0.0
2024-05-27,11.545454545454545,19.136363636363637,37.71357625,8.0,18.61,11.9,25.1,77.62,5.5440000000000005,1009.61,0.0
2024-05-28,7.708333333333333,17.125,34.615208,5.0,19.01,15.9,22.8,82.25,6.444,1007.17,3.9
2024-05-29,7.695652173913044,16.130434782608695,29.056376999999998,20.0,19.73,14.8,24.4,77.96,6.732,1005.98,0.0
2024-05-30,8.0,10.88888888888889,,,18.58,14.7,22.8,81.88,6.012,998.83,1.1
2024-05-31,8.25,18.0,60.40082571428571,7.0,16.98,15.2,19.8,75.5,15.048,995.58,21.7
2024-06-01,,,38.84980352941176,17.0,18.0,11.4,23.5,69.92,7.452,1002.98,0.0
2024-06-02,,,27.928023333333332,6.0,17.7,14.0,22.0,81.46,6.516,1007.17,5.2
2024-06-03,4.5,15.75,28.583703000000003,10.0,17.95,12.8,22.4,76.5,6.408,1006.03,1.5
2024-06-04,,,36.97231333333333,21.0,18.83,13.8,24.8,77.21,5.760000000000001,1005.99,0.2
2024-06-05,13.0,17.75,41.78988705882353,17.0,19.82,14.1,25.3,76.67,7.092,1007.29,0.0
2024-06-06,8.166666666666666,18.666666666666668,41.141526428571424,14.0,21.26,15.2,26.8,72.04,5.6160000000000005,1009.23,0.0
2024-06-07,,,40.69167733333334,15.0,22.22,16.2,27.2,73.83,5.256,1008.5,0.0
2024-06-08,5.5,14.25,,,22.82,17.7,27.9,73.96,6.228,1005.41,0.0
2024-06-09,,,,,21.47,17.8,26.0,77.46,7.596,999.85,52.8
2024-06-10,4.8,8.4,18.630143727272728,11.0,21.48,17.9,27.0,77.21,11.232000000000001,996.82,10.9
2024-06-11,2.3333333333333335,7.714285714285714,41.82829666666667,3.0,21.05,16.7,25.8,72.54,8.028,1000.33,1.5
2024-06-12,7.833333333333333,17.0,44.82465,12.0,19.03,16.4,23.0,83.42,8.244,1003.66,3.1
2024-06-13,7.363636363636363,14.545454545454545,37.93357833333334,12.0,17.85,14.5,22.2,78.88,5.9399999999999995,1007.11,2.1
2024-06-14,4.428571428571429,17.428571428571427,31.55857653846154,13.0,18.85,13.1,24.6,72.83,9.9,1008.43,0.0
2024-06-15,2.3333333333333335,11.11111111111111,,,20.96,15.4,26.1,66.29,9.648000000000001,1003.9,0.0
2024-06-16,1.8888888888888888,7.777777777777778,26.901433636363638,11.0,21.85,17.7,26.5,63.04,10.296,1002.91,0.1
2024-06-17,5.75,16.0,38.14922764705882,17.0,21.49,15.4,27.0,65.17,6.5520000000000005,1007.35,0.0
2024-06-18,7.636363636363637,15.090909090909092,35.12556086956521,23.0,23.36,16.0,29.5,66.25,5.652,1009.12,0.0
2024-06-19,10.333333333333334,23.166666666666668,29.415920625,16.0,24.79,18.7,29.4,73.79,4.032000000000001,1008.26,0.0
2024-06-20,9.833333333333334,19.0,,,25.52,21.2,30.4,71.62,7.236,1010.62,0.1
2024-06-21,11.0,20.8,,,24.48,19.6,29.4,80.17,7.596,1006.92,5.8
2024-06-22,3.2,11.8,28.889218157894735,19.0,23.18,18.5,28.7,65.46,12.204,1002.84,0.2
2024-06-23,4.0,10.0,,,19.1,16.9,21.4,83.33,8.784,1003.07,41.7
2024-06-24,9.0,17.25,,,18.76,17.1,22.5,89.75,8.244,1005.61,34.3
2024-06-25,6.2,22.6,,,19.21,17.1,22.7,89.83,6.516,1004.85,18.8
2024-06-26,7.142857142857143,18.571428571428573,32.02726642105263,19.0,20.54,15.8,25.0,81.75,4.356,1004.15,0.0
2024-06-27,3.5,11.5,38.4468135,20.0,23.6,17.5,30.0,73.25,6.588,1003.35,0.0
2024-06-28,,,39.09625666666667,15.0,25.3,19.2,30.9,69.75,5.832000000000001,1007.12,0.0
2024-06-29,,,,,26.0,21.6,31.1,80.33,6.5520000000000005,1007.6,0.7
2024-06-30,,,21.728451,20.0,24.58,20.1,28.7,71.0,11.952,1003.06,0.0
2024-07-01,,,22.8481305,4.0,23.13,19.4,26.8,74.5,7.452,1002.55,5.8
2024-07-02,6.555555555555555,14.444444444444445,33.24176071428572,14.0,22.3,17.4,27.9,74.71,6.6240000000000006,1001.17,2.1
2024-07-03,9.0,17.4,,,19.92,18.0,22.4,80.0,10.620000000000001,999.98,2.1
2024-07-04,,,30.168879999999998,23.0,21.26,16.3,26.2,74.46,4.32,1002.42,0.2
2024-07-05,12.285714285714286,17.285714285714285,34.12590277777778,18.0,22.77,15.6,28.5,72.79,4.212,1006.0,0.0
2024-07-06,5.666666666666667,13.5,29.00824923076923,13.0,23.16,16.6,29.6,65.33,7.5600000000000005,1003.74,0.0
2024-07-07,,,18.962013,4.0,23.2,19.9,27.5,74.88,7.452,1003.36,6.1
2024-07-08,5.6,20.2,24.963087222222224,18.0,24.05,19.3,28.9,80.83,5.112,1006.88,0.3
2024-07-09,,,28.72480388888889,18.0,25.9,20.9,30.8,74.25,4.788,1008.15,0.0
2024-07-10,7.5,19.5,39.025886875,16.0,26.95,21.2,31.8,71.83,5.184,1007.17,0.0
2024-07-11,5.571428571428571,16.142857142857142,41.0470755,20.0,27.14,20.8,32.7,58.42,5.6160000000000005,1006.08,0.0
2024-07-12,11.75,20.75,,,25.4,21.2,29.1,71.83,8.388,1003.32,0.0
2024-07-13,,,20.54352443125,16.0,25.28,19.7,32.2,66.58,9.432,1001.66,0.0
2024-07-14,2.2,7.4,17.4041576875,16.0,24.75,18.0,30.2,58.33,6.84,1003.59,0.0
2024-07-15,,,36.099237083333335,24.0,26.14,18.6,32.8,57.54,6.228,1004.73,0.0
2024-07-16,,,33.1253095,20.0,27.47,20.9,33.8,51.58,9.648000000000001,1003.95,0.0
2024-07-17,,,41.2687305,20.0,28.1,21.6,34.5,56.21,6.912,1005.96,0.0
2024-07-18,,,35.849605833333335,12.0,28.11,21.9,33.2,57.83,6.048,1008.68,0.0
2024-07-19,,,30.85027125,8.0,28.36,22.1,33.8,62.75,5.292,1007.4,6.6
2024-07-20,4.0,11.75,28.602024090909094,22.0,26.61,22.1,31.5,63.92,5.976,1002.73,5.0
2024-07-21,,,22.790861833333334,12.0,26.76,21.0,32.5,64.67,4.968,1000.85,0.8
2024-07-22,7.166666666666667,16.166666666666668,36.92680142857142,21.0,27.2,21.1,33.2,64.0,6.84,1003.61,0.0
2024-07-23,8.625,14.625,33.93978777777778,18.0,27.66,21.6,32.6,66.33,6.372,1006.77,0.0
2024-07-24,5.75,16.25,31.820308333333337,18.0,27.45,22.0,34.1,61.46,7.488,1004.61,0.2
2024-07-25,7.4,16.3,31.244755263157895,19.0,27.42,22.1,32.5,58.21,8.784,1003.55,0.0
2024-07-26,11.5,18.833333333333332,38.623323125,16.0,27.85,22.1,32.8,55.0,6.6240000000000006,1003.87,0.0
2024-07-27,11.0,18.76923076923077,37.194145454545456,22.0,28.02,22.5,33.3,59.33,3.9240000000000004,1006.71,0.0
2024-07-28,,,31.154842631578948,19.0,29.48,23.1,35.2,52.96,7.632000000000001,1008.74,0.0
2024-07-29,,,37.032893333333334,24.0,28.72,23.9,33.2,61.12,9.684,1010.0,0.0
2024-07-30,9.0,13.333333333333334,,,28.94,23.7,34.2,54.79,7.776000000000001,1008.7,0.0
2024-07-31,,,47.48362739130435,23.0,28.9,23.9,34.0,56.29,5.04,1006.0,0.0
2024-08-01,4.333333333333333,12.666666666666666,45.94763789473684,19.0,28.98,23.9,34.5,62.67,5.760000000000001,1002.57,0.1
2024-08-02,9.2,16.2,40.0237585,20.0,27.23,22.4,32.7,69.96,5.904,1001.02,3.5
2024-08-03,6.333333333333333,12.666666666666666,35.38475571428571,7.0,25.85,21.4,30.4,68.79,7.2,1000.56,2.9
2024-08-04,6.0,12.0,25.278662533333332,15.0,26.89,21.5,32.2,60.08,6.48,1002.94,0.0
2024-08-05,7.625,14.625,28.207000952380948,21.0,27.59,21.9,32.8,58.21,7.38,1003.02,0.0
2024-08-06,13.833333333333334,18.5,40.32138631578947,19.0,27.28,22.7,33.0,65.83,6.516,1002.98,2.8
2024-08-07,8.4,16.6,42.5050775,20.0,25.45,21.8,32.0,75.75,6.048,1004.1,6.2
2024-08-08,,,46.20910294117647,17.0,25.65,19.5,30.9,71.25,5.472,1005.3,0.0
2024-08-09,,,33.003455882352945,17.0,27.37,21.2,32.9,67.5,4.284,1007.13,0.0
2024-08-10,5.777777777777778,13.555555555555555,38.25890588235294,17.0,28.35,22.0,33.9,65.21,4.644,1010.05,0.0
2024-08-11,8.615384615384615,14.153846153846153,31.049339999999997,16.0,28.82,22.8,34.2,62.5,4.896000000000001,1009.82,0.0
2024-08-12,8.8,17.25,46.47307590909091,22.0,28.45,22.8,34.3,66.25,3.9600000000000004,1005.59,0.0
2024-08-13,10.75,25.5,42.36257315789474,19.0,28.72,22.2,34.7,60.04,5.076,1002.49,0.7
2024-08-14,7.5,14.25,36.231781764705886,17.0,27.35,22.5,32.7,64.75,6.012,1003.35,2.8
2024-08-15,,,,,25.05,19.9,31.0,68.67,6.228,1007.59,0.1
2024-08-16,,,21.275115625,24.0,26.67,21.5,32.0,66.46,4.5360000000000005,1007.52,0.0
2024-08-17,,,49.02978375,16.0,26.6,20.6,31.8,55.25,8.64,1004.24,0.0
2024-08-18,,,,,24.05,21.4,26.4,75.58,5.832000000000001,999.67,0.0
2024-08-19,,,,,21.72,19.0,26.9,85.46,8.82,1001.2,18.7
2024-08-20,,,31.80474166666667,6.0,23.39,19.2,27.9,80.5,5.508,1003.14,2.8
2024-08-21,,,22.884793238095238,21.0,25.82,20.2,31.8,67.62,5.256,1003.1,0.0
2024-08-22,,,25.427949473684208,19.0,25.52,21.1,30.1,72.96,9.72,1004.92,1.1
2024-08-23,7.222222222222222,14.444444444444445,40.32630818181818,22.0,26.09,20.1,31.9,73.12,3.024,1006.01,0.0
2024-08-24,,,40.38239529411765,17.0,26.42,20.3,32.5,58.38,5.796,1007.7,0.0
2024-08-25,6.642857142857143,14.714285714285714,41.20422555555555,18.0,26.38,20.0,32.7,56.33,6.696000000000001,1006.42,0.0
2024-08-26,8.1,14.4,32.90343714285714,14.0,25.09,21.0,30.3,70.62,7.416,1006.38,2.3
2024-08-27,5.75,10.25,30.730177333333334,15.0,23.18,20.9,28.5,79.04,8.028,1008.59,2.9
2024-08-28,,,50.782616363636365,22.0,24.39,18.8,30.5,73.12,4.6080000000000005,1009.68,0.2
2024-08-29,,,48.797027222222226,18.0,26.4,21.4,32.1,65.25,6.192,1009.03,0.6
2024-08-30,,,47.025901250000004,24.0,27.04,20.9,33.4,60.38,4.428,1008.52,0.0
2024-08-31,8.8,21.8,45.02426466666667,15.0,26.89,21.0,33.7,61.79,5.112,1008.8,0.2
2024-09-01,,,45.9983475,24.0,26.69,21.4,33.5,59.58,4.968,1006.75,0.0
2024-09-02,,,47.9583,11.0,25.22,20.4,30.2,61.5,6.48,1005.08,1.2
2024-09-03,,,51.3432980952381,21.0,25.19,19.5,31.4,65.62,5.184,1007.27,0.1
2024-09-04,,,68.993012,5.0,23.62,21.0,28.6,75.83,6.696000000000001,1006.08,0.5
2024-09-05,,,,,21.68,20.1,25.8,86.67,10.8,1000.51,11.7
2024-09-06,,,21.925547,10.0,21.85,18.4,26.5,81.5,4.068,1004.45,3.1
2024-09-07,,,29.482870000000002,19.0,22.82,16.5,29.4,73.67,4.284,1007.75,0.0
2024-09-08,,,,,22.42,20.5,26.2,86.46,6.516,1003.64,8.0
2024-09-09,,,37.20711125,16.0,22.68,18.7,28.4,71.25,9.864,995.35,4.0
2024-09-10,,,46.154075000000006,18.0,21.47,15.8,27.2,68.42,5.508,1000.6,0.0
2024-09-11,,,,,20.78,16.5,26.5,80.08,5.724,1000.18,0.2
2024-09-12,,,,,17.0,13.0,18.5,89.96,9.216000000000001,995.45,68.4
2024-09-13,,,,,15.1,10.6,18.7,65.96,9.648000000000001,1000.82,5.4
2024-09-14,5.5,16.25,,1.0,16.98,14.1,21.4,41.5,19.332,1006.13,0.0
2024-09-15,,,50.22044266666667,15.0,17.08,10.6,23.8,57.38,7.74,1005.25,0.0
2024-09-16,,,60.639070624999995,16.0,17.38,12.5,23.0,69.62,6.228,1004.29,0.0
2024-09-17,14.75,23.25,28.52858333333333,3.0,16.21,14.6,19.9,73.25,13.5,1007.66,2.7
2024-09-18,,,,,14.97,13.6,16.1,83.58,8.892000000000001,1010.73,17.7
2024-09-19,13.75,28.0,,,15.65,12.7,21.0,86.42,7.488,1009.2,13.1
2024-09-20,22.333333333333332,36.166666666666664,52.231316666666665,3.0,17.79,13.1,23.1,76.75,6.912,1011.71,0.4
2024-09-21,11.8,18.6,46.326704615384614,13.0,17.82,13.3,22.8,80.58,4.464,1013.44,0.1
2024-09-22,13.181818181818182,18.454545454545453,60.15607055555555,18.0,17.51,12.6,22.5,82.12,4.14,1010.36,0.0
2024-09-23,15.666666666666666,23.88888888888889,,,17.3,13.9,22.5,89.79,7.128,1004.4,24.8
2024-09-24,10.222222222222221,18.11111111111111,,,17.27,13.9,20.5,86.71,6.048,1002.38,0.1
2024-09-25,10.714285714285714,27.285714285714285,,,17.33,12.8,22.4,76.96,5.112,1005.41,0.0
2024-09-26,15.142857142857142,22.857142857142858,,,20.07,15.3,25.2,72.04,8.064000000000002,1001.29,0.0
2024-09-27,10.777777777777779,17.88888888888889,40.39445283333333,12.0,21.28,17.4,26.6,76.21,15.228000000000002,997.67,10.3
2024-09-28,8.5,16.166666666666668,44.185335882352945,17.0,18.42,14.6,23.8,69.42,9.468,1002.74,0.4
2024-09-29,13.214285714285714,18.214285714285715,35.562265,22.0,15.98,11.9,21.3,76.62,7.812,1014.38,0.0
2024-09-30,14.4,29.0,57.005403333333334,9.0,15.86,11.3,20.6,73.42,5.004,1012.82,0.0
2025-04-01,12.5,18.8,,,10.11,5.1,14.5,68.67,6.372,1006.99,0.6
2025-04-02,,,64.71054157894737,19.0,11.82,9.4,16.0,80.5,3.492,1008.99,1.7
2025-04-03,24.25,26.125,54.943331666666666,18.0,12.85,7.4,18.8,75.33,4.14,1013.38,0.0
2025-04-04,18.555555555555557,29.77777777777778,49.940864499999996,20.0,12.81,5.8,19.8,78.12,5.904,1010.7,0.0
2025-04-05,17.166666666666668,29.166666666666668,54.12975,16.0,13.72,6.3,21.2,75.29,6.192,1003.61,0.0
2025-04-06,8.636363636363637,15.181818181818182,,,12.28,7.8,15.8,64.42,16.632,1002.74,0.0
2025-04-07,7.333333333333333,13.666666666666666,52.46198733333333,15.0,8.68,3.5,14.4,66.83,10.26,1012.26,0.0
2025-04-08,,,60.414543125,16.0,8.73,3.5,14.2,70.83,7.056,1016.82,0.0
2025-04-09,,,66.294115,22.0,10.51,4.2,16.5,77.92,3.168,1013.35,0.0
2025-04-10,,,49.21436166666667,18.0,12.95,6.9,19.0,77.79,5.292,1012.88,0.0
2025-04-11,,,74.722744,20.0,14.25,7.9,22.0,72.67,9.612,1010.13,0.0
2025-04-12,,,,,15.07,9.0,20.4,72.62,5.4,1007.57,0.0
2025-04-13,,,,,13.58,11.4,15.2,76.12,6.803999999999999,1006.48,3.9
2025-04-14,7.166666666666667,15.0,,,12.68,11.4,14.8,94.08,11.988000000000001,1004.33,15.6
2025-04-15,,,,,15.31,12.6,20.3,87.12,6.264,998.18,15.5
2025-04-16,,,,,14.93,11.9,19.1,87.79,14.184,1001.47,29.7
2025-04-17,10.833333333333334,20.166666666666668,,,14.97,12.3,18.4,82.04,18.396,994.99,20.4
2025-04-18,11.25,17.0,,,14.1,11.1,18.5,80.5,8.82,1002.8,2.3
2025-04-19,,,,,13.63,8.4,18.6,77.79,5.4,1005.56,0.6
2025-04-20,,,,,14.17,9.1,19.3,86.46,4.464,1003.69,6.9
2025-04-21,,,,,13.82,11.0,17.3,83.71,5.256,1004.89,1.9
2025-04-22,,,40.28379,18.0,15.28,9.6,21.5,79.21,5.6160000000000005,1006.25,0.4
2025-04-23,,,55.763622,5.0,15.95,11.6,21.2,83.54,4.356,1005.49,2.3
2025-04-24,,,37.791419999999995,6.0,15.63,12.4,19.5,80.0,7.524,1002.26,5.0
2025-04-25,,,38.432781363636366,22.0,14.65,10.7,20.2,78.42,7.848000000000001,1003.81,3.5
2025-04-26,,,,,14.82,8.1,20.5,73.04,6.588,1006.5,0.0
2025-04-27,9.5,14.25,42.3459725,4.0,15.62,12.6,20.1,80.88,7.74,1011.82,0.9
2025-04-28,,,37.253417647058825,17.0,16.32,11.3,21.6,78.0,4.464,1015.3,0.0
2025-04-29,,,48.08614714285714,21.0,17.22,10.7,23.6,75.96,4.284,1014.58,0.0
2025-04-30,,,52.00453649999999,20.0,17.77,10.9,24.2,74.58,4.356,1012.89,0.0
2025-05-01,,,45.51752904761905,21.0,19.01,12.4,26.0,70.58,5.256,1011.75,0.0
2025-05-02,,,57.55624133333333,15.0,20.25,13.6,27.0,70.0,5.724,1010.92,0.0
2025-05-03,,,,1.0,19.77,15.4,25.4,57.62,9.432,1007.18,0.0
2025-05-04,5.4,13.4,25.585749999999997,4.0,18.38,13.6,24.1,70.08,7.74,1000.43,0.3
2025-05-05,11.833333333333334,21.333333333333332,,,17.5,14.9,21.4,81.0,7.272,994.69,10.0
2025-05-06,5.166666666666667,9.666666666666666,,,14.94,13.4,18.2,90.83,8.388,999.46,17.1
2025-05-07,7.8,17.2,,,14.32,12.0,18.1,84.12,4.572,1003.37,12.5
2025-05-08,7.0,15.090909090909092,,,13.8,8.4,18.8,80.67,6.12,1002.88,0.9
2025-05-09,7.545454545454546,16.09090909090909,39.59121625,8.0,14.69,11.4,19.3,82.5,5.9399999999999995,1006.37,0.6
2025-05-10,8.285714285714286,14.571428571428571,35.97031444444444,9.0,15.56,11.4,20.1,80.25,5.9399999999999995,1010.25,1.1
2025-05-11,5.454545454545454,10.818181818181818,38.48193190476191,21.0,16.45,11.1,22.0,80.17,3.8160000000000003,1006.33,0.2
2025-05-12,7.875,16.0,42.971921111111115,18.0,16.75,11.2,22.2,76.71,6.588,1003.18,1.7
2025-05-13,7.833333333333333,15.416666666666666,,1.0,16.05,13.1,20.2,85.58,5.472,1006.69,3.5
2025-05-14,8.666666666666666,16.333333333333332,42.89098,9.0,16.76,12.4,21.5,81.21,3.456,1008.07,1.1
2025-05-15,,,38.03845136363636,22.0,18.31,12.4,24.0,73.83,7.992000000000001,1001.62,4.3
2025-05-16,4.428571428571429,15.142857142857142,28.891366842105263,19.0,15.48,11.8,19.0,68.79,11.628,1004.48,3.2
2025-05-17,7.714285714285714,14.142857142857142,56.43307545454545,11.0,15.39,10.2,20.4,67.5,7.02,1005.94,0.3
2025-05-18,,,31.012182066666664,15.0,16.83,11.1,22.5,67.54,10.044,1006.81,0.0
2025-05-19,9.5,22.75,26.20910090909091,11.0,19.21,15.3,24.5,65.29,11.196,1008.19,0.0
2025-05-20,9.8,15.8,,,16.65,13.4,21.8,83.92,6.768,1007.09,15.9
2025-05-21,5.0,9.75,30.864738333333335,18.0,17.65,14.1,23.1,82.96,5.184,1004.28,6.6
2025-05-22,6.75,17.75,,,17.37,13.6,20.8,79.83,9.288,999.02,7.3
2025-05-23,8.75,20.0,32.75799888888889,9.0,15.15,12.0,19.5,77.12,9.251999999999999,1003.57,8.5
2025-05-24,,,32.93372083333333,24.0,15.57,10.5,20.5,71.17,9.0,1008.13,0.0
2025-05-25,,11.75,29.216567333333334,15.0,16.97,10.1,22.6,71.08,4.896000000000001,1008.55,0.0
2025-05-26,6.333333333333333,13.666666666666666,41.518528125,16.0,19.34,13.9,24.8,70.71,6.5520000000000005,1007.35,0.1
2025-05-27,8.75,16.625,35.58457333333333,3.0,17.35,15.4,20.2,86.5,5.58,1010.22,16.4
2025-05-28,8.833333333333334,17.571428571428573,,,19.2,12.8,24.4,75.5,4.86,1009.88,0.0
2025-05-29,7.5,31.0,45.591827,20.0,21.05,15.8,27.2,65.5,5.436,1008.65,0.0
2025-05-30,13.272727272727273,19.363636363636363,51.888570666666666,15.0,21.18,15.4,27.6,72.42,5.364,1012.53,0.0
2025-05-31,9.444444444444445,16.22222222222222,50.590503181818185,22.0,22.0,15.9,28.4,68.83,4.752000000000001,1012.19,0.0
2025-06-01,3.3333333333333335,10.5,30.99384523809524,21.0,22.59,16.4,28.8,69.79,6.84,1009.63,0.0
2025-06-02,1.2,6.2,,,22.94,17.8,29.3,57.38,9.144,1009.03,0.0
2025-06-03,,,27.979621428571427,7.0,22.6,18.6,27.6,62.96,8.964,1008.28,0.0
2025-06-04,9.5,15.166666666666666,39.98628,3.0,22.08,16.5,28.0,63.58,5.688000000000001,1007.99,0.0
2025-06-05,10.5,15.0,25.32663666666667,6.0,22.35,17.4,28.2,68.62,6.732,1007.11,1.9
2025-06-06,,,19.1148,3.0,23.26,17.2,29.0,59.0,9.395999999999999,1008.51,0.0
2025-06-07,,,24.693427,20.0,23.9,17.9,31.1,53.21,9.107999999999999,1006.29,0.0
2025-06-08,,,21.51873946153846,13.0,25.07,19.9,30.6,51.21,13.392000000000001,1004.3,0.0
2025-06-09,5.0,18.25,,,23.19,17.1,27.4,59.12,11.664000000000001,1009.93,0.4
2025-06-10,8.25,15.75,34.898529999999994,17.0,23.5,17.5,29.1,59.83,6.912,1010.64,0.0
2025-06-11,7.5,19.25,42.704,16.0,26.24,19.3,32.0,56.04,6.66,1006.85,0.0
2025-06-12,6.4,16.6,46.20841954545455,22.0,27.2,21.0,32.7,54.75,6.372,1008.34,0.0
2025-06-13,,,47.5055435,20.0,28.09,21.3,34.1,54.25,5.58,1010.88,0.0
2025-06-14,,,41.87302043478261,23.0,27.62,22.8,34.6,57.71,5.724,1011.21,0.3
2025-06-15,,,62.763752499999995,8.0,27.35,22.5,34.4,68.83,6.5520000000000005,1009.29,1.8
2025-06-16,9.0,15.4,,,22.96,20.9,25.5,82.62,7.74,1009.1,13.2
2025-06-17,8.666666666666666,17.0,36.896688947368425,19.0,21.96,17.3,26.1,72.75,6.228,1012.72,0.2
2025-06-18,,,46.42667333333333,21.0,23.13,17.4,28.5,67.29,5.472,1012.7,0.0
2025-06-19,,,46.65620666666666,15.0,24.85,17.5,31.5,65.96,4.392,1010.51,0.0
2025-06-20,8.5,15.5,41.34308533333333,15.0,26.36,20.6,31.6,63.33,6.3,1009.67,0.0
2025-06-21,5.0,12.166666666666666,36.395498636363634,22.0,25.08,20.6,31.3,68.12,9.0,1011.35,8.2
2025-06-22,3.142857142857143,7.0,39.16121277777778,18.0,25.22,19.4,30.6,65.04,3.8880000000000003,1011.97,0.0
2025-06-23,,,46.17531272727273,22.0,27.15,20.4,34.2,53.17,9.864,1007.98,0.0
2025-06-24,,,50.883759375,16.0,27.69,21.6,33.0,51.79,6.66,1005.95,0.0
2025-06-25,,,44.913520000000005,19.0,28.52,22.3,33.7,60.71,5.688000000000001,1006.73,0.0
2025-06-26,,,36.987931333333336,15.0,27.92,23.4,36.3,57.17,6.8759999999999994,1006.53,1.7
2025-06-27,,,41.357260625,16.0,27.16,22.3,33.0,63.33,5.256,1010.33,0.0
2025-06-28,,,54.473842727272725,22.0,28.76,20.5,35.1,48.71,4.932,1012.16,0.0
2025-06-29,8.0,12.375,41.40667166666666,18.0,29.68,23.0,35.3,47.79,9.107999999999999,1011.52,0.0
2025-06-30,8.4,16.7,47.1374515,20.0,30.08,23.6,35.9,45.58,8.316,1008.49,0.0
2025-07-01,10.692307692307692,17.846153846153847,48.001886,10.0,29.28,24.0,33.7,53.54,6.6240000000000006,1007.68,0.0
2025-07-02,9.25,17.5,46.056045833333336,24.0,27.78,23.2,32.8,61.42,5.832000000000001,1008.68,0.4
2025-07-03,6.636363636363637,16.545454545454547,50.36025095238095,21.0,28.58,23.0,33.6,58.67,5.9399999999999995,1009.49,0.6
2025-07-04,7.2727272727272725,17.454545454545453,49.097199999999994,21.0,29.8,23.3,35.2,53.25,5.256,1009.52,0.0
2025-07-05,6.3076923076923075,14.384615384615385,,,26.0,23.6,28.2,72.62,8.604000000000001,1008.51,6.3
2025-07-06,7.0,11.0,,,23.97,20.8,29.5,84.54,4.356,1002.51,6.0
2025-07-07,,,31.727234,10.0,23.08,18.2,29.1,76.46,8.244,995.52,20.5
2025-07-08,5.714285714285714,14.142857142857142,33.715275454545456,11.0,20.58,16.2,27.9,72.17,11.34,998.16,4.3
2025-07-09,6.5,18.166666666666668,49.556180952380956,21.0,19.8,12.5,25.6,66.17,3.564,1007.6,0.0
2025-07-10,8.2,16.1,60.100941666666664,18.0,21.4,14.2,27.6,61.33,4.896000000000001,1008.68,0.0
2025-07-11,7.857142857142857,17.857142857142858,53.14456199999999,20.0,22.79,15.0,30.0,58.25,5.004,1006.18,0.0
2025-07-12,4.0,10.3,31.979699999999998,9.0,23.72,17.9,29.7,60.21,6.984,1005.22,0.0
2025-07-13,5.0,12.555555555555555,,,23.08,19.9,28.0,70.33,4.5,1006.68,1.9
2025-07-14,5.5,13.0,34.27747590909091,22.0,24.6,19.0,29.9,70.12,5.58,1008.92,0.0
2025-07-15,5.2,12.8,45.286194,20.0,26.08,19.9,31.9,68.29,5.004,1007.45,0.0
2025-07-16,,,43.16700068181818,44.0,25.89,21.0,31.8,66.0,8.316,1003.84,0.1
2025-07-17,,,36.129244375,32.0,25.92,19.5,31.8,61.62,7.848000000000001,1002.75,0.0
2025-07-18,,,34.99324543478261,46.0,26.46,19.7,32.7,48.54,7.596,1004.21,0.0
2025-07-19,,,,,25.9,20.9,30.4,61.17,5.184,1003.44,0.1
2025-07-20,,,27.19808419230769,13.0,26.99,20.9,32.6,61.83,5.436,1000.54,0.1
2025-07-21,2.5,7.5,38.048633333333335,12.0,27.48,23.6,32.2,59.04,10.656,998.24,0.2
2025-07-22,3.8333333333333335,12.666666666666666,37.42821142857143,14.0,27.38,21.5,33.5,51.25,8.1,1001.35,0.0
2025-07-23,5.0,14.875,37.137388,15.0,27.02,21.1,33.3,48.46,7.452,1002.8,0.0
2025-07-24,8.1,15.1,40.56196461538461,13.0,25.38,20.5,32.8,63.79,7.164,1002.22,0.4
2025-07-25,9.285714285714286,18.857142857142858,,,22.15,19.4,24.0,62.83,5.292,1004.52,2.3
2025-07-26,6.428571428571429,13.428571428571429,43.592378571428576,14.0,21.51,17.9,26.8,72.04,5.976,1002.98,1.8
2025-07-27,4.0,11.2,32.42233363636364,11.0,24.53,17.9,31.1,53.88,10.620000000000001,1000.51,0.0
2025-07-28,8.4,18.4,,,19.6,17.5,23.5,82.42,6.696000000000001,999.6,29.2
2025-07-29,7.0,14.333333333333334,43.719157333333335,15.0,21.69,16.5,27.4,65.08,9.288,1004.38,0.0
2025-07-30,9.538461538461538,16.076923076923077,38.02426090909091,22.0,22.22,17.0,27.4,63.29,8.496,1007.29,0.0
2025-07-31,6.818181818181818,14.545454545454545,47.49998315789474,19.0,24.12,17.1,30.5,57.96,3.9600000000000004,1007.12,0.0
2025-08-01,9.333333333333334,18.416666666666668,37.9384,9.0,23.84,18.6,30.0,59.46,5.724,1004.62,0.1
2025-08-02,8.125,13.875,,,20.34,17.9,24.4,82.17,7.38,1001.97,39.4
2025-08-03,5.266666666666667,11.466666666666667,29.836291,20.0,20.46,15.7,25.8,75.62,5.652,1006.38,2.7
2025-08-04,8.25,12.5,38.9229235,20.0,22.15,16.3,28.0,64.42,4.716,1010.35,0.0
2025-08-05,12.4,18.2,44.62809363636364,22.0,24.11,17.8,30.6,62.54,6.012,1010.03,0.0
2025-08-06,8.090909090909092,14.272727272727273,15.278650000000003,10.0,24.59,19.4,30.9,61.04,9.864,1010.48,1.0
2025-08-07,5.375,11.125,34.47983052631579,19.0,24.55,19.2,30.0,69.25,7.2,1011.58,2.2
2025-08-08,7.6,14.7,42.665012380952376,21.0,27.14,20.1,33.5,57.83,5.328,1011.38,0.0
2025-08-09,10.777777777777779,17.666666666666668,44.49419388888889,18.0,28.75,21.8,34.8,54.21,5.04,1011.12,0.0
2025-08-10,8.333333333333334,13.5,48.12824857142857,21.0,29.61,22.8,35.5,55.92,4.752000000000001,1010.43,0.0
2025-08-11,7.266666666666667,12.6,48.506804375,16.0,29.19,22.0,35.2,52.83,8.316,1009.55,0.0
2025-08-12,7.636363636363637,14.545454545454545,37.71477458333333,24.0,29.28,23.2,35.2,52.12,7.956,1008.55,0.0
2025-08-13,10.875,18.75,37.351926000000006,15.0,29.74,23.3,36.0,47.67,4.5360000000000005,1007.94,0.0
2025-08-14,7.777777777777778,14.666666666666666,42.18012,16.0,28.33,22.5,36.2,53.33,6.228,1007.94,0.0
2025-08-15,6.909090909090909,10.818181818181818,40.785674761904765,21.0,29.37,23.5,35.2,48.5,6.66,1009.08,0.0
2025-08-16,6.466666666666667,12.933333333333334,40.189528095238096,21.0,29.12,22.6,35.1,45.58,6.264,1006.84,0.0
2025-08-17,7.0,15.0,40.5408725,20.0,28.43,22.5,34.5,46.25,7.776000000000001,1003.8,0.5
2025-08-18,4.5,9.166666666666666,28.028802857142857,14.0,27.89,22.6,32.5,51.75,10.404,1005.72,0.0
2025-08-19,7.666666666666667,13.0,34.60947708333333,24.0,26.48,22.2,32.5,59.12,5.904,1005.17,0.5
2025-08-20,10.625,20.625,,,23.56,20.5,28.0,78.08,6.48,1001.37,24.2
2025-08-21,8.6,17.7,,,20.56,18.6,24.5,88.62,6.12,997.88,13.8
2025-08-22,7.75,17.0,44.587361333333334,15.0,22.19,17.7,27.5,74.67,7.416,1001.58,0.1
2025-08-23,9.444444444444445,17.0,31.5050475,8.0,21.64,18.5,25.6,81.46,5.688000000000001,1004.62,2.6
2025-08-24,6.6,14.2,,,20.32,18.0,22.9,83.75,10.548,1008.13,8.7
2025-08-25,9.909090909090908,16.90909090909091,34.328364444444446,9.0,21.31,17.5,25.6,79.38,4.428,1009.48,0.5
2025-08-26,8.125,14.5,40.863122,20.0,22.82,17.9,27.9,78.58,3.528,1007.15,0.2
2025-08-27,11.0,20.166666666666668,,,23.08,19.0,27.9,82.38,3.6,1006.31,0.1
2025-08-28,6.714285714285714,14.0,51.030476666666665,3.0,22.57,20.5,28.6,87.96,8.892000000000001,1000.8,12.0
2025-08-29,6.4,16.4,39.66445427272727,11.0,21.79,17.9,28.5,77.83,7.2,997.4,0.7
2025-08-30,8.166666666666666,16.285714285714285,40.355365625000005,16.0,19.59,16.2,23.1,76.38,9.324,999.57,0.7
2025-08-31,6.0,12.88888888888889,36.68056272727273,22.0,20.72,14.1,26.9,69.88,5.148,1004.59,0.0
2025-09-01,5.111111111111111,10.444444444444445,46.030206666666665,3.0,21.47,16.0,27.0,70.88,5.6160000000000005,1003.68,0.0
2025-09-02,,,,,19.61,16.8,22.9,86.25,5.5440000000000005,1002.44,4.3
2025-09-03,,,44.42736875,16.0,21.08,15.9,26.5,74.21,5.112,1006.66,0.0
2025-09-04,,,37.968095,22.0,22.26,16.4,28.4,73.29,5.256,1007.31,0.0
2025-09-05,6.25,16.5,44.62802571428572,7.0,21.79,17.9,25.7,74.67,8.676,1007.91,0.5
2025-09-06,,,34.47259714285714,21.0,21.4,15.6,27.6,64.54,5.6160000000000005,1012.17,0.0
2025-09-07,,,44.70324272727273,11.0,21.99,15.2,28.5,57.46,4.644,1011.12,0.0
2025-09-08,,,,,21.17,15.7,26.8,69.38,4.6080000000000005,1007.33,0.0
2025-09-09,,,,1.0,21.16,18.8,25.8,80.17,4.896000000000001,1004.66,9.1
2025-09-10,,,,,20.09,18.7,22.6,90.88,5.5440000000000005,1000.75,14.5
2025-09-11,,,40.871978695652174,23.0,20.81,15.7,26.1,79.08,5.364,1003.13,0.4
2025-09-12,,,38.36277866666667,15.0,21.12,16.5,26.4,73.33,6.048,1008.39,0.0
2025-09-13,,,,,19.94,16.1,24.5,79.88,5.292,1010.47,0.3
2025-09-14,,,22.245233176470588,17.0,20.95,16.6,26.5,77.12,7.092,1008.68,0.1
2025-09-15,,,,,21.78,15.9,27.0,75.71,6.3,1011.12,0.0
2025-09-16,,,35.252092,20.0,23.18,19.2,29.2,67.0,9.216000000000001,1008.6,0.0
2025-09-17,,,45.93725894736842,19.0,21.38,18.5,26.2,71.12,8.064000000000002,1012.09,0.7
2025-09-18,,,50.82416095238095,21.0,21.95,16.6,28.0,68.67,3.3120000000000003,1016.65,0.0
2025-09-19,,,52.92280866666667,15.0,22.56,16.3,29.3,68.0,3.096,1018.38,0.0
2025-09-20,,,42.153165,24.0,23.78,18.1,30.0,66.62,4.176,1015.21,0.0
2025-09-21,,,28.153623099999997,20.0,23.72,19.1,30.0,69.79,6.264,1008.69,0.0
2025-09-22,,,48.1557752631579,19.0,21.73,19.4,26.2,82.29,5.904,1003.28,8.0
2025-09-23,,,,,18.94,16.1,24.8,89.5,7.596,1005.26,11.4
2025-09-24,,,45.588931875,16.0,16.7,12.9,19.4,86.96,6.192,1005.44,3.5
2025-09-25,,,53.54100714285715,7.0,14.44,10.6,19.6,82.33,4.428,1008.3,6.2
2025-09-26,,,,,15.32,12.1,19.8,87.25,5.58,1010.7,1.9
2025-09-27,,,61.1884,3.0,14.77,12.6,19.0,88.88,5.256,1011.6,18.9
2025-09-28,9.4,16.0,47.0103605882353,17.0,15.67,11.9,20.6,81.33,5.58,1010.79,0.0
2025-09-29,14.0,33.0,59.821831578947375,19.0,16.39,10.9,22.5,75.17,4.644,1009.7,0.0
2025-09-30,,,62.48127777777778,9.0,15.78,11.5,21.7,81.79,5.832000000000001,1010.83,1.5
